Transcript ID,Region Start,Region End,# Variants
ENST00000262354,23361103,23384920,300
ENST00000269844,41801164,41879482,1339
ENST00000269844,41801164,41879482,1339
ENST00000270112,31873019,32004064,1333
ENST00000270139,33324969,33359864,862
ENST00000270142,31659692,31668931,123
ENST00000270162,43414482,43427131,279
ENST00000270162,43414482,43427131,279
ENST00000270172,44246338,44262216,339
ENST00000270172,44246338,44262216,339
ENST00000282964,19739708,19740150,146
ENST00000284878,17513042,17570100,719
ENST00000284881,17788973,17819356,238
ENST00000284885,18269115,18403785,1392
ENST00000284894,21280575,21540195,2784
ENST00000284971,25724499,25734904,127
ENST00000284984,26835754,26845409,151
ENST00000284987,26917921,26967088,404
ENST00000285667,14371114,14383146,167
ENST00000285670,14485228,14583402,1114
ENST00000285679,15730024,15878911,1103
ENST00000285681,15730024,15880058,1108
ENST00000286777,29005758,29019352,198
ENST00000286788,29056325,29073648,149
ENST00000286800,29298921,29346148,275
ENST00000286808,30165564,30166805,99
ENST00000286827,31118415,31558977,4447
ENST00000286835,31670999,31732118,535
ENST00000288319,38380035,38498477,1105
ENST00000288319,38380035,38498477,1105
ENST00000288344,39342314,39348991,219
ENST00000288344,39342314,39348991,219
ENST00000288350,39405727,39445778,409
ENST00000288350,39405727,39445778,409
ENST00000288383,41426200,41459199,442
ENST00000288383,41426200,41459199,442
ENST00000290130,32268227,32279049,147
ENST00000290155,32599353,32612377,202
ENST00000290178,32741392,32771668,258
ENST00000290200,33266366,33297221,372
ENST00000290219,33403412,33437516,407
ENST00000290239,33550661,33550728,60
ENST00000290244,33589385,33641918,471
ENST00000290299,33903452,33915804,194
ENST00000290299,33903452,33915804,194
ENST00000290310,34364005,34371381,194
ENST00000290310,34364005,34371381,194
ENST00000290349,36070023,36073164,126
ENST00000290349,36070023,36073164,126
ENST00000290354,36135078,36146562,317
ENST00000290354,36135078,36146562,317
ENST00000290399,36699114,36749917,466
ENST00000290399,36699114,36749917,466
ENST00000291526,42346356,42350994,178
ENST00000291526,42346356,42350994,178
ENST00000291527,42362281,42366535,180
ENST00000291527,42362281,42366535,180
ENST00000291535,42403861,42447243,507
ENST00000291535,42403861,42447243,507
ENST00000291536,42472485,42496224,341
ENST00000291536,42472485,42496224,341
ENST00000291539,42653620,42775509,1547
ENST00000291539,42653620,42775509,1547
ENST00000291547,42974561,43033931,923
ENST00000291547,42974561,43033931,923
ENST00000291552,43092955,43107570,168
ENST00000291552,43092955,43107570,168
ENST00000291554,43169007,43172805,137
ENST00000291554,43169007,43172805,137
ENST00000291560,43529185,43659488,1030
ENST00000291560,43529185,43659488,1030
ENST00000291565,43719128,43762299,733
ENST00000291565,43719128,43762299,733
ENST00000291568,43773949,43776308,162
ENST00000291568,43773949,43776308,162
ENST00000291572,43865222,43987592,1323
ENST00000291572,43865222,43987592,1323
ENST00000291574,44012308,44106552,846
ENST00000291574,44012308,44106552,846
ENST00000291576,44107398,44131181,277
ENST00000291576,44107398,44131181,277
ENST00000291577,44133682,44145711,227
ENST00000291577,44133682,44145711,227
ENST00000291582,44285875,44298648,269
ENST00000291582,44285875,44298648,269
ENST00000291592,44455509,44462196,160
ENST00000291592,44455509,44462196,160
ENST00000291634,44940028,44976973,683
ENST00000291634,44940028,44976973,683
ENST00000291670,46136261,46155567,915
ENST00000291670,46136261,46155567,915
ENST00000291672,46161159,46184459,704
ENST00000291672,46161159,46184459,704
ENST00000291688,46235132,46285611,619
ENST00000291688,46235132,46285611,619
ENST00000291691,46301129,46323870,463
ENST00000291691,46301129,46323870,463
ENST00000291700,46598603,46605082,186
ENST00000291700,46598603,46605082,186
ENST00000291705,46635641,46664473,375
ENST00000291705,46635641,46664473,375
ENST00000299295,18244832,18267370,432
ENST00000299340,26466208,26573255,811
ENST00000299443,13609776,13645823,192
ENST00000300255,32412705,32515387,1168
ENST00000300258,32573720,32585523,156
ENST00000300260,32601784,32612603,193
ENST00000300278,33543063,33560667,159
ENST00000300305,34787800,35049344,2304
ENST00000300305,34787800,35049344,2304
ENST00000300481,44353687,44443081,1409
ENST00000300481,44353687,44443081,1409
ENST00000300482,44350162,44443081,1445
ENST00000300482,44350162,44443081,1445
ENST00000300527,46098111,46132848,1043
ENST00000300527,46098111,46132848,1043
ENST00000302347,44885964,44920899,637
ENST00000302347,44885964,44920899,637
ENST00000303071,33577550,33588684,197
ENST00000303113,33575476,33588670,216
ENST00000303645,32298854,32312290,221
ENST00000303775,28872190,28885367,303
ENST00000307301,25585655,25607517,320
ENST00000309117,37223421,37267334,386
ENST00000309117,37223421,37267334,386
ENST00000309331,29748937,29764002,192
ENST00000310826,41986830,42010360,296
ENST00000310826,41986830,42010360,296
ENST00000311003,13776085,13777266,104
ENST00000311124,45512564,45542440,448
ENST00000311124,45512564,45542440,448
ENST00000312957,25639281,25717552,663
ENST00000313806,34516441,34615113,1116
ENST00000313806,34516441,34615113,1116
ENST00000314103,36385391,36419015,453
ENST00000314103,36385391,36419015,453
ENST00000314399,33488207,33491473,146
ENST00000318948,14961234,15065000,895
ENST00000319294,42403901,42447684,508
ENST00000319294,42403901,42447684,508
ENST00000320216,44899066,44910630,273
ENST00000320216,44899066,44910630,273
ENST00000320371,28997612,28998033,82
ENST00000323084,44497892,44711572,2672
ENST00000323084,44497892,44711572,2672
ENST00000324988,28013362,28023233,188
ENST00000325223,44329890,44339402,257
ENST00000325223,44329890,44339402,257
ENST00000327505,43903890,43984673,905
ENST00000327505,43903890,43984673,905
ENST00000327574,43728899,43738861,413
ENST00000327574,43728899,43738861,413
ENST00000327783,29536932,29939996,3574
ENST00000328264,38054010,38121360,602
ENST00000328264,38054010,38121360,602
ENST00000328344,45234351,45258730,488
ENST00000328344,45234351,45258730,488
ENST00000328619,39867437,39929392,817
ENST00000328619,39867437,39929392,817
ENST00000328656,38256740,38307357,546
ENST00000328656,38256740,38307357,546
ENST00000328735,41167800,41276597,950
ENST00000328735,41167800,41276597,950
ENST00000328862,42653778,42775509,1547
ENST00000328862,42653778,42775509,1547
ENST00000329015,42102133,42108534,239
ENST00000329015,42102133,42108534,239
ENST00000329122,30613430,30613930,46
ENST00000329319,46286383,46297751,518
ENST00000329319,46286383,46297751,518
ENST00000329553,37006701,37019662,259
ENST00000329553,37006701,37019662,259
ENST00000329618,39604133,39612876,99
ENST00000329618,39604133,39612876,99
ENST00000329621,30812696,30813274,99
ENST00000329623,41885111,41926690,522
ENST00000329623,41885111,41926690,522
ENST00000329667,37065373,37072537,175
ENST00000329667,37065373,37072537,175
ENST00000330205,46161147,46184476,704
ENST00000330205,46161147,46184476,704
ENST00000330317,42843093,42879531,681
ENST00000330317,42843093,42879531,681
ENST00000330333,41168159,41282530,950
ENST00000330333,41168159,41282530,950
ENST00000330490,44517215,44518756,123
ENST00000330490,44517215,44518756,123
ENST00000330551,44934724,44939845,144
ENST00000330551,44934724,44939845,144
ENST00000330714,41362026,41409393,504
ENST00000330714,41362026,41409393,504
ENST00000330798,30635205,30635619,65
ENST00000330938,44849597,44873690,483
ENST00000330938,44849597,44873690,483
ENST00000330942,44771294,44801774,368
ENST00000330942,44771294,44801774,368
ENST00000331343,45263927,45287898,375
ENST00000331343,45263927,45287898,375
ENST00000331573,39174768,39183451,143
ENST00000331573,39174768,39183451,143
ENST00000331923,32733898,32771755,290
ENST00000332131,36034540,36060526,341
ENST00000332131,36034540,36060526,341
ENST00000332149,41464304,41508158,738
ENST00000332149,41464304,41508158,738
ENST00000332378,30880643,30881580,77
ENST00000332440,43461959,43478223,246
ENST00000332440,43461959,43478223,246
ENST00000332473,13349264,13350648,98
ENST00000332512,41739372,41767052,435
ENST00000332512,41739372,41767052,435
ENST00000332587,25385819,25431701,300
ENST00000332859,44805616,44818062,212
ENST00000332859,44805616,44818062,212
ENST00000333229,39184175,39313819,1266
ENST00000333229,39184175,39313819,1266
ENST00000333337,33025934,33029196,103
ENST00000333634,39451969,39515504,656
ENST00000333634,39451969,39515504,656
ENST00000333892,30746793,30747259,125
ENST00000334046,30541534,30541864,52
ENST00000334055,30487042,30487436,69
ENST00000334058,30496823,30497165,84
ENST00000334063,30491461,30492013,68
ENST00000334067,30440274,30440869,71
ENST00000334068,30430219,30431026,52
ENST00000334151,30501656,30502141,72
ENST00000334160,30348398,30348606,102
ENST00000334352,29024650,29054488,208
ENST00000334494,46635652,46652318,261
ENST00000334494,46635652,46652318,261
ENST00000334538,45263927,45287898,375
ENST00000334538,45263927,45287898,375
ENST00000334662,44612078,44612954,83
ENST00000334662,44612078,44612954,83
ENST00000334664,30616424,30616699,39
ENST00000334670,44646413,44647650,111
ENST00000334670,44646413,44647650,111
ENST00000334680,30601086,30601382,88
ENST00000334849,30560874,30561314,118
ENST00000334897,30598589,30598902,90
ENST00000335093,30755014,30755428,66
ENST00000335440,42653778,42775509,1547
ENST00000335440,42653778,42775509,1547
ENST00000335512,42653749,42775509,1547
ENST00000335512,42653749,42775509,1547
ENST00000336648,36750887,36990236,2204
ENST00000336648,36750887,36990236,2204
ENST00000337385,34446687,34511339,609
ENST00000337385,34446687,34511339,609
ENST00000337909,44290754,44297989,207
ENST00000337909,44290754,44297989,207
ENST00000338326,18256501,18267365,272
ENST00000338785,37367556,37515377,1434
ENST00000338785,37367556,37515377,1434
ENST00000339024,29092253,29175889,829
ENST00000339195,46286383,46297751,518
ENST00000339195,46286383,46297751,518
ENST00000339775,17593652,17612844,196
ENST00000339818,44328943,44339390,264
ENST00000339818,44328943,44339390,264
ENST00000339944,32298971,32314784,236
ENST00000340344,42893267,42913304,465
ENST00000340344,42893267,42913304,465
ENST00000340345,30281308,30282950,90
ENST00000340648,43659559,43696079,325
ENST00000340648,43659559,43696079,325
ENST00000341322,39296436,39313642,333
ENST00000341322,39296436,39313642,333
ENST00000341618,29077632,29175889,904
ENST00000342101,33230135,33264525,400
ENST00000342108,36460620,36576569,1403
ENST00000342108,36460620,36576569,1403
ENST00000342136,33229937,33265664,403
ENST00000342220,45490274,45513720,830
ENST00000342220,45490274,45513720,830
ENST00000342449,39185481,39313632,1214
ENST00000342449,39185481,39313632,1214
ENST00000342757,43450023,43453902,151
ENST00000342757,43450023,43453902,151
ENST00000343118,39642384,39661492,88
ENST00000343118,39642384,39661492,88
ENST00000343528,43741464,43756255,455
ENST00000343528,43741464,43756255,455
ENST00000343687,42219820,42297244,936
ENST00000343687,42219820,42297244,936
ENST00000344330,44222693,44241004,325
ENST00000344330,44222693,44241004,325
ENST00000344577,14108812,14206949,1149
ENST00000344691,34787800,34888690,870
ENST00000344691,34787800,34888690,870
ENST00000344693,13943768,13980437,601
ENST00000345496,44768579,44801820,405
ENST00000345496,44768579,44801820,405
ENST00000346798,25880549,26170770,2781
ENST00000347667,41167800,41282518,1003
ENST00000347667,41167800,41282518,1003
ENST00000347800,42216076,42297244,975
ENST00000347800,42216076,42297244,975
ENST00000348354,17593652,17612901,196
ENST00000348499,44133679,44145723,227
ENST00000348499,44133679,44145723,227
ENST00000348831,45074579,45226560,1373
ENST00000348831,45074579,45226560,1373
ENST00000348990,25880549,26170767,2781
ENST00000349048,44300052,44327373,426
ENST00000349048,44300052,44327373,426
ENST00000349112,42653812,42775509,1547
ENST00000349112,42653812,42775509,1547
ENST00000349485,45263934,45287895,375
ENST00000349485,45263934,45287895,375
ENST00000349499,34668993,34718223,531
ENST00000349499,34668993,34718223,531
ENST00000351097,15730024,15878911,1103
ENST00000351429,28872190,28885371,303
ENST00000352133,42513851,42581426,956
ENST00000352133,42513851,42581426,956
ENST00000352178,43053190,43076378,351
ENST00000352178,43053190,43076378,351
ENST00000352483,41739368,41767089,435
ENST00000352483,41739368,41767089,435
ENST00000352957,25585655,25607481,320
ENST00000354192,25880549,26170747,2781
ENST00000354250,42893308,42913299,427
ENST00000354250,42893308,42913299,427
ENST00000354333,44517616,44520830,146
ENST00000354333,44517616,44520830,146
ENST00000354749,37085789,37203112,1078
ENST00000354749,37085789,37203112,1078
ENST00000354828,25734569,25772460,273
ENST00000355153,44885952,44928838,731
ENST00000355153,44885952,44928838,731
ENST00000355189,18561614,18759804,2081
ENST00000355459,30396030,30396822,71
ENST00000355480,45455521,45513720,1362
ENST00000355480,45455521,45513720,1362
ENST00000355680,46635673,46665124,380
ENST00000355680,46635673,46665124,380
ENST00000356275,17513129,17565487,620
ENST00000356396,46188140,46228822,630
ENST00000356396,46188140,46228822,630
ENST00000356577,33543037,33577481,317
ENST00000357345,32628758,32727939,576
ENST00000357401,26405942,26569252,1206
ENST00000357704,38121472,38156511,337
ENST00000357704,38121472,38156511,337
ENST00000357903,25880549,26170787,2781
ENST00000357985,41316800,41357727,408
ENST00000357985,41316800,41357727,408
ENST00000358268,39405859,39445733,409
ENST00000358268,39405859,39445733,409
ENST00000358356,34821278,34888690,690
ENST00000358356,34821278,34888690,690
ENST00000358455,18857778,18858276,179
ENST00000358918,25881609,26170667,2768
ENST00000359341,14064324,14069087,316
ENST00000359568,46324155,46445769,1718
ENST00000359568,46324155,46445769,1718
ENST00000359624,43053190,43076362,351
ENST00000359624,43053190,43076362,351
ENST00000359726,25880550,26171128,2782
ENST00000359759,45455530,45513719,1362
ENST00000359759,45455530,45513719,1362
ENST00000360214,38805182,38824955,300
ENST00000360214,38805182,38824955,300
ENST00000360525,37065373,37073071,227
ENST00000360525,37065373,37073071,227
ENST00000360542,30319123,30320315,142
ENST00000360697,45171641,45226560,517
ENST00000360697,45171641,45226560,517
ENST00000360731,34669388,34718227,531
ENST00000360731,34669388,34718227,531
ENST00000360770,44666188,44666927,105
ENST00000360770,44666188,44666927,105
ENST00000360938,38805928,38824955,293
ENST00000360938,38805928,38824955,293
ENST00000361093,33524008,33542114,222
ENST00000361371,28928143,28992877,497
ENST00000361534,33594506,33641759,440
ENST00000361802,42219117,42297244,944
ENST00000361802,42219117,42297244,944
ENST00000361866,45981769,46005048,933
ENST00000361866,45981769,46005048,933
ENST00000362077,34073591,34360033,2303
ENST00000362077,34073591,34360033,2303
ENST00000362160,16539827,16539911,110
ENST00000362728,43919794,43919901,79
ENST00000362728,43919794,43919901,79
ENST00000362828,23432180,23432282,266
ENST00000362936,36851910,36852028,82
ENST00000362936,36851910,36852028,82
ENST00000363092,17576797,17576906,148
ENST00000363343,36066544,36066652,105
ENST00000363343,36066544,36066652,105
ENST00000363884,17527139,17527247,103
ENST00000363922,32377186,32377322,57
ENST00000364155,16284695,16284768,78
ENST00000364942,14070870,14070986,134
ENST00000365114,29139282,29139384,70
ENST00000365369,46525617,46525722,106
ENST00000365369,46525617,46525722,106
ENST00000365469,22205191,22205332,60
ENST00000366093,33528265,33534630,144
ENST00000366423,13936992,13937325,162
ENST00000367071,46598961,46605208,186
ENST00000367071,46598961,46605208,186
ENST00000379571,22436289,22438349,103
ENST00000379960,33750106,33836635,512
ENST00000380008,45827960,45837987,138
ENST00000380008,45827960,45837987,138
ENST00000380010,45514714,45542471,436
ENST00000380010,45514714,45542471,436
ENST00000380095,44637355,44638455,105
ENST00000380095,44637355,44638455,105
ENST00000380221,44012318,44060262,491
ENST00000380221,44012318,44060262,491
ENST00000380276,43092955,43107565,168
ENST00000380276,43092955,43107565,168
ENST00000380328,42653778,42775509,1547
ENST00000380328,42653778,42775509,1547
ENST00000380486,41885111,41954018,860
ENST00000380486,41885111,41954018,860
ENST00000380588,39745182,39802081,785
ENST00000380588,39745182,39802081,785
ENST00000380604,39604470,39612504,97
ENST00000380604,39604470,39612504,97
ENST00000380612,39597146,39612441,160
ENST00000380612,39597146,39612441,160
ENST00000380618,39657326,39662889,91
ENST00000380618,39657326,39662889,91
ENST00000380620,39556441,39673137,1296
ENST00000380620,39556441,39673137,1296
ENST00000380631,39445941,39515207,706
ENST00000380631,39445941,39515207,706
ENST00000380634,39445864,39515355,710
ENST00000380634,39445864,39515355,710
ENST00000380637,39445854,39515506,711
ENST00000380637,39445854,39515506,711
ENST00000380671,39405843,39428522,275
ENST00000380671,39405843,39428522,275
ENST00000380708,39387764,39397889,136
ENST00000380708,39387764,39397889,136
ENST00000380713,39386092,39393280,109
ENST00000380713,39386092,39393280,109
ENST00000380747,39342878,39349647,184
ENST00000380747,39342878,39349647,184
ENST00000380748,39342691,39349053,179
ENST00000380748,39342691,39349053,179
ENST00000380749,39342314,39349088,221
ENST00000380749,39342314,39349088,221
ENST00000380800,39193816,39313590,1183
ENST00000380800,39193816,39313590,1183
ENST00000380900,39175589,39183488,138
ENST00000380900,39175589,39183488,138
ENST00000380931,38876086,38938429,716
ENST00000380931,38876086,38938429,716
ENST00000381132,34516483,34526963,176
ENST00000381132,34516483,34526963,176
ENST00000381135,34516444,34525467,154
ENST00000381135,34516444,34525467,154
ENST00000381151,34073577,34106260,356
ENST00000381151,34073577,34106260,356
ENST00000381181,33948925,33963958,254
ENST00000381181,33948925,33963958,254
ENST00000381283,33718796,33772282,363
ENST00000381284,33858696,33886354,365
ENST00000381284,33858696,33886354,365
ENST00000381285,33642477,33889305,1739
ENST00000381291,33642477,33838494,1278
ENST00000381318,33642500,33899861,1822
ENST00000381540,33589466,33641747,469
ENST00000381554,33589340,33641741,470
ENST00000381679,33543064,33559056,151
ENST00000381692,33543051,33577481,314
ENST00000381815,33503932,33542117,381
ENST00000381831,33503930,33542842,395
ENST00000381839,33503930,33542861,395
ENST00000381947,33488054,33491716,148
ENST00000381995,33403431,33437521,401
ENST00000382238,33230140,33262855,396
ENST00000382264,33229900,33262756,399
ENST00000382348,33070140,33072413,77
ENST00000382357,33025934,33029185,111
ENST00000382373,32793684,32813689,253
ENST00000382375,32772099,32798969,267
ENST00000382377,32772124,32797707,253
ENST00000382378,32772160,32799917,251
ENST00000382491,32628758,32728040,577
ENST00000382499,32628758,32728040,577
ENST00000382549,32601666,32612586,201
ENST00000382699,32412701,32515389,1168
ENST00000382751,32311017,32393012,671
ENST00000382822,31038158,31038476,72
ENST00000382826,30642863,30643136,46
ENST00000382828,30620626,30620850,57
ENST00000382830,30590104,30590397,46
ENST00000382835,30337012,30337694,113
ENST00000384075,26190706,26190813,98
ENST00000384369,13047582,13047689,99
ENST00000384370,32841860,32841995,57
ENST00000384418,40513143,40513279,166
ENST00000384418,40513143,40513279,166
ENST00000384685,36986738,36986851,109
ENST00000384685,36986738,36986851,109
ENST00000384745,13621576,13621683,25
ENST00000384772,41539205,41539326,111
ENST00000384772,41539205,41539326,111
ENST00000384906,16539088,16539169,84
ENST00000385060,25573979,25574044,87
ENST00000385128,16590236,16590325,49
ENST00000389124,29537705,29939532,3571
ENST00000389125,29536932,29939625,3574
ENST00000389194,28928143,28992949,497
ENST00000389195,28961316,28992949,237
ENST00000389690,44133778,44141417,152
ENST00000389690,44133778,44141417,152
ENST00000389861,45074599,45226560,1373
ENST00000389861,45074599,45226560,1373
ENST00000389863,45074599,45226560,1373
ENST00000389863,45074599,45226560,1373
ENST00000389995,31659665,31668931,123
ENST00000390235,35720714,35720808,81
ENST00000390235,35720714,35720808,81
ENST00000390689,30479705,30480367,57
ENST00000390690,30425379,30425926,57
ENST00000390834,37045529,37045636,100
ENST00000390834,37045529,37045636,100
ENST00000391177,29180424,29180639,132
ENST00000391262,15614282,15614389,70
ENST00000391307,19345147,19345312,146
ENST00000391617,44681575,44682163,138
ENST00000391617,44681575,44682163,138
ENST00000391618,44654212,44654659,124
ENST00000391618,44654212,44654659,124
ENST00000391620,44557789,44558795,100
ENST00000391620,44557789,44558795,100
ENST00000391621,44550356,44551505,122
ENST00000391621,44550356,44551505,122
ENST00000391624,30592439,30593075,68
ENST00000393804,31627126,31628600,120
ENST00000397184,36360629,36362040,113
ENST00000397184,36360629,36362040,113
ENST00000397628,46635673,46649893,247
ENST00000397628,46635673,46649893,247
ENST00000397637,46635649,46664951,379
ENST00000397637,46635649,46664951,379
ENST00000397638,46635614,46664951,379
ENST00000397638,46635614,46664951,379
ENST00000397648,46599280,46602893,161
ENST00000397648,46599280,46602893,161
ENST00000397679,46301133,46319137,411
ENST00000397679,46301133,46319137,411
ENST00000397680,46301133,46323857,463
ENST00000397680,46301133,46323857,463
ENST00000397682,46301129,46323875,463
ENST00000397682,46301129,46323875,463
ENST00000397683,46300429,46320825,441
ENST00000397683,46300429,46320825,441
ENST00000397691,46286644,46297751,515
ENST00000397691,46286644,46297751,515
ENST00000397692,46286383,46297751,518
ENST00000397692,46286383,46297751,518
ENST00000397694,46286383,46297723,516
ENST00000397694,46286383,46297723,516
ENST00000397701,46286341,46297751,518
ENST00000397701,46286341,46297751,518
ENST00000397708,46235132,46286297,651
ENST00000397708,46235132,46286297,651
ENST00000397728,46188445,46228774,628
ENST00000397728,46188445,46228774,628
ENST00000397743,46136778,46155567,907
ENST00000397743,46136778,46155567,907
ENST00000397746,46136778,46155579,907
ENST00000397746,46136778,46155579,907
ENST00000397748,46136261,46155567,915
ENST00000397748,46136261,46155567,915
ENST00000397763,46098111,46129801,793
ENST00000397763,46098111,46129801,793
ENST00000397787,45419715,45425040,230
ENST00000397787,45419715,45425040,230
ENST00000397826,44940028,44976973,683
ENST00000397826,44940028,44976973,683
ENST00000397841,44932813,44939913,180
ENST00000397841,44932813,44939913,180
ENST00000397846,44907986,44920896,317
ENST00000397846,44907986,44920896,317
ENST00000397850,44885952,44928873,731
ENST00000397850,44885952,44928873,731
ENST00000397852,44885952,44910826,465
ENST00000397852,44885952,44910826,465
ENST00000397854,44885952,44920855,637
ENST00000397854,44885952,44920855,637
ENST00000397857,44885952,44911460,477
ENST00000397857,44885952,44911460,477
ENST00000397886,44851406,44861933,320
ENST00000397886,44851406,44861933,320
ENST00000397887,44849584,44873709,482
ENST00000397887,44849584,44873709,482
ENST00000397893,44808270,44817968,192
ENST00000397893,44808270,44817968,192
ENST00000397898,44805616,44818051,212
ENST00000397898,44805616,44818051,212
ENST00000397907,44657931,44658341,103
ENST00000397907,44657931,44658341,103
ENST00000397911,44627092,44628378,112
ENST00000397911,44627092,44628378,112
ENST00000397916,44508506,44573816,873
ENST00000397916,44508506,44573816,873
ENST00000397928,44353620,44442644,1410
ENST00000397928,44353620,44442644,1410
ENST00000397932,44353687,44442358,1401
ENST00000397932,44353687,44442358,1401
ENST00000397956,44329890,44339393,257
ENST00000397956,44329890,44339393,257
ENST00000397961,44300050,44327376,426
ENST00000397961,44300050,44327376,426
ENST00000397994,44290754,44297989,207
ENST00000397994,44290754,44297989,207
ENST00000398058,43946929,43984673,542
ENST00000398058,43946929,43984673,542
ENST00000398061,43882543,43984673,1089
ENST00000398061,43882543,43984673,1089
ENST00000398063,43925007,43986536,838
ENST00000398063,43925007,43986536,838
ENST00000398078,43741475,43756144,455
ENST00000398078,43741475,43756144,455
ENST00000398081,43719093,43738861,494
ENST00000398081,43719093,43738861,494
ENST00000398085,43719175,43752629,623
ENST00000398085,43719175,43752629,623
ENST00000398098,13676021,13677116,37
ENST00000398116,43551228,43551600,63
ENST00000398116,43551228,43551600,63
ENST00000398132,43170155,43172519,128
ENST00000398132,43170155,43172519,128
ENST00000398133,43169600,43172294,132
ENST00000398133,43169600,43172294,132
ENST00000398158,43053190,43075831,337
ENST00000398158,43053190,43075831,337
ENST00000398165,43053190,43075835,339
ENST00000398165,43053190,43075835,339
ENST00000398208,42849225,42879539,564
ENST00000398208,42849225,42879539,564
ENST00000398224,42653812,42775509,1547
ENST00000398224,42653812,42775509,1547
ENST00000398225,42653778,42775509,1547
ENST00000398225,42653778,42775509,1547
ENST00000398227,42653778,42775509,1547
ENST00000398227,42653778,42775509,1547
ENST00000398229,42653778,42775509,1547
ENST00000398229,42653778,42775509,1547
ENST00000398232,42653778,42775509,1547
ENST00000398232,42653778,42775509,1547
ENST00000398234,42653778,42775509,1547
ENST00000398234,42653778,42775509,1547
ENST00000398236,42653778,42775509,1547
ENST00000398236,42653778,42775509,1547
ENST00000398341,42499631,42581440,1045
ENST00000398341,42499631,42581440,1045
ENST00000398343,42514523,42518510,147
ENST00000398343,42514523,42518510,147
ENST00000398352,42472696,42496186,340
ENST00000398352,42472696,42496186,340
ENST00000398367,42403916,42447243,507
ENST00000398367,42403916,42447243,507
ENST00000398397,42381875,42396091,288
ENST00000398397,42381875,42396091,288
ENST00000398405,42371889,42395943,407
ENST00000398405,42371889,42395943,407
ENST00000398431,42312052,42315336,133
ENST00000398431,42312052,42315336,133
ENST00000398437,42256083,42297244,612
ENST00000398437,42256083,42297244,612
ENST00000398449,42219139,42297244,944
ENST00000398449,42219139,42297244,944
ENST00000398457,42199688,42297244,1114
ENST00000398457,42199688,42297244,1114
ENST00000398497,41993947,42010366,225
ENST00000398497,41993947,42010366,225
ENST00000398499,41988636,42010366,278
ENST00000398499,41988636,42010366,278
ENST00000398505,41986830,42010357,296
ENST00000398505,41986830,42010357,296
ENST00000398511,41988636,42010387,278
ENST00000398511,41988636,42010387,278
ENST00000398548,41798224,41879344,1376
ENST00000398548,41798224,41879344,1376
ENST00000398585,41464552,41508065,738
ENST00000398585,41464552,41508065,738
ENST00000398598,41426238,41459212,484
ENST00000398598,41426238,41459212,484
ENST00000398600,41420514,41459214,550
ENST00000398600,41420514,41459214,550
ENST00000398632,41402633,41408943,104
ENST00000398632,41402633,41408943,104
ENST00000398646,41322819,41357431,353
ENST00000398646,41322819,41357431,353
ENST00000398647,41316813,41357431,408
ENST00000398647,41316813,41357431,408
ENST00000398652,41316813,41357431,408
ENST00000398652,41316813,41357431,408
ENST00000398714,39630290,39661492,88
ENST00000398714,39630290,39661492,88
ENST00000398753,39380457,39397116,227
ENST00000398753,39380457,39397116,227
ENST00000398897,38380026,38584900,1802
ENST00000398897,38380026,38584900,1802
ENST00000398905,38380026,38498442,1105
ENST00000398905,38380026,38498442,1105
ENST00000398907,38380026,38498442,1105
ENST00000398907,38380026,38498442,1105
ENST00000398910,38380026,38661694,2512
ENST00000398910,38380026,38661694,2512
ENST00000398911,38380026,38584945,1802
ENST00000398911,38380026,38584945,1802
ENST00000398919,38383290,38660667,2486
ENST00000398919,38383290,38660667,2486
ENST00000398925,38256740,38299445,459
ENST00000398925,38256740,38299445,459
ENST00000398927,38296556,38299731,127
ENST00000398927,38296556,38299731,127
ENST00000398928,38256740,38299731,466
ENST00000398928,38256740,38299731,466
ENST00000398930,38272422,38301821,395
ENST00000398930,38272422,38301821,395
ENST00000398932,38272249,38301490,393
ENST00000398932,38272249,38301490,393
ENST00000398934,38272419,38301822,395
ENST00000398934,38272419,38301822,395
ENST00000398938,38256990,38307357,497
ENST00000398938,38256990,38307357,497
ENST00000398948,37951424,38121339,1378
ENST00000398948,37951424,38121339,1378
ENST00000398956,37420374,37511954,872
ENST00000398956,37420374,37511954,872
ENST00000398960,37375093,37512921,879
ENST00000398960,37375093,37512921,879
ENST00000398998,37225543,37267532,372
ENST00000398998,37225543,37267532,372
ENST00000399000,37223419,37267919,387
ENST00000399000,37223419,37267919,387
ENST00000399001,37225298,37267351,372
ENST00000399001,37225298,37267351,372
ENST00000399010,37073289,37099098,386
ENST00000399010,37073289,37099098,386
ENST00000399017,37081595,37203112,1139
ENST00000399017,37081595,37203112,1139
ENST00000399098,37065373,37073170,184
ENST00000399098,37065373,37073170,184
ENST00000399102,37065373,37072900,182
ENST00000399102,37065373,37072900,182
ENST00000399103,37065373,37073011,182
ENST00000399103,37065373,37073011,182
ENST00000399120,36751191,36966473,1917
ENST00000399120,36751191,36966473,1917
ENST00000399135,36460620,36480122,308
ENST00000399135,36460620,36480122,308
ENST00000399136,36460620,36542600,1116
ENST00000399136,36460620,36542600,1116
ENST00000399137,36460620,36480090,308
ENST00000399137,36460620,36480090,308
ENST00000399139,36460620,36466441,159
ENST00000399139,36460620,36466441,159
ENST00000399149,36295172,36295702,101
ENST00000399149,36295172,36295702,101
ENST00000399151,36164534,36294274,1574
ENST00000399151,36164534,36294274,1574
ENST00000399191,36070034,36072533,119
ENST00000399191,36070034,36072533,119
ENST00000399201,36043685,36079389,448
ENST00000399201,36043685,36079389,448
ENST00000399205,36043685,36060313,250
ENST00000399205,36043685,36060313,250
ENST00000399207,36043697,36060245,249
ENST00000399207,36043697,36060245,249
ENST00000399208,36043685,36060364,251
ENST00000399208,36043685,36060364,251
ENST00000399212,36034540,36060526,339
ENST00000399212,36034540,36060526,339
ENST00000399215,36034540,36060261,337
ENST00000399215,36034540,36060261,337
ENST00000399237,34834409,34889790,635
ENST00000399237,34834409,34889790,635
ENST00000399240,34791785,34887183,844
ENST00000399240,34791785,34887183,844
ENST00000399272,34516483,34613843,1108
ENST00000399272,34516483,34613843,1108
ENST00000399284,34449244,34511243,588
ENST00000399284,34449244,34511243,588
ENST00000399286,34446689,34512210,595
ENST00000399286,34446689,34512210,595
ENST00000399289,34446689,34459604,228
ENST00000399289,34446689,34459604,228
ENST00000399292,34375506,34389151,199
ENST00000399292,34375506,34389151,199
ENST00000399295,34375603,34389153,198
ENST00000399295,34375603,34389153,198
ENST00000399299,34375499,34402777,414
ENST00000399299,34375499,34402777,414
ENST00000399312,34073577,34143030,642
ENST00000399312,34073577,34143030,642
ENST00000399338,33718809,33817614,598
ENST00000399349,33642497,33838496,1278
ENST00000399352,33642495,33838498,1279
ENST00000399353,33642399,33837018,1266
ENST00000399355,33642497,33837293,1266
ENST00000399358,16094414,16095372,74
ENST00000399367,33642482,33888608,1730
ENST00000399442,33639744,33641721,108
ENST00000399784,32291812,32312290,293
ENST00000399804,31671032,31732075,535
ENST00000399889,30371389,30372271,104
ENST00000399899,30214005,30216097,155
ENST00000399907,29550946,29939996,3465
ENST00000399909,29553251,29939912,3465
ENST00000399913,29536932,29939674,3574
ENST00000399914,29536932,29940022,3586
ENST00000399921,29299415,29346148,273
ENST00000399925,29130960,29175026,473
ENST00000399926,29130637,29175014,474
ENST00000399928,29130643,29175887,485
ENST00000399934,29077632,29175889,904
ENST00000399935,29077632,29175889,904
ENST00000399947,29080551,29175889,888
ENST00000399973,29024655,29034919,105
ENST00000399975,29024628,29054488,208
ENST00000399976,29024667,29054488,208
ENST00000400014,28901778,28903697,198
ENST00000400043,26477970,26573176,735
ENST00000400075,25734971,25772460,270
ENST00000400087,25724479,25735646,128
ENST00000400090,25724479,25735639,128
ENST00000400093,25724479,25735673,128
ENST00000400094,25724479,25734904,125
ENST00000400099,25716502,25735027,160
ENST00000400117,19759358,19760128,113
ENST00000400127,17917339,18267373,3652
ENST00000400128,17901262,18267373,3848
ENST00000400131,17917339,18267373,3652
ENST00000400135,17917339,18267373,3652
ENST00000400165,17513129,17565615,623
ENST00000400166,17513045,17565852,627
ENST00000400169,17513129,17593579,927
ENST00000400178,16070671,16607135,4903
ENST00000400183,15729981,15880064,1108
ENST00000400199,14961234,15064934,896
ENST00000400202,14961234,15065000,897
ENST00000400211,14108892,14210884,389
ENST00000400274,46458898,46569708,1292
ENST00000400274,46458898,46569708,1292
ENST00000400304,45896293,45941706,1026
ENST00000400304,45896293,45941706,1026
ENST00000400305,45896269,45942454,1037
ENST00000400305,45896269,45942454,1037
ENST00000400308,45849960,45942454,1491
ENST00000400308,45849960,45942454,1491
ENST00000400309,45849960,45942454,1491
ENST00000400309,45849960,45942454,1491
ENST00000400310,45848162,45942454,1499
ENST00000400310,45848162,45942454,1499
ENST00000400314,45643693,45942454,3111
ENST00000400314,45643693,45942454,3111
ENST00000400353,33931213,33971186,476
ENST00000400353,33931213,33971186,476
ENST00000400365,44697171,44698044,103
ENST00000400365,44697171,44698044,103
ENST00000400368,44591267,44592505,214
ENST00000400368,44591267,44592505,214
ENST00000400372,44579454,44580604,166
ENST00000400372,44579454,44580604,166
ENST00000400374,44573728,44575371,169
ENST00000400374,44573728,44575371,169
ENST00000400375,44538980,44540195,156
ENST00000400375,44538980,44540195,156
ENST00000400377,44226833,44241446,279
ENST00000400377,44226833,44241446,279
ENST00000400379,44226833,44241016,279
ENST00000400379,44226833,44241016,279
ENST00000400385,43805757,43812567,224
ENST00000400385,43805757,43812567,224
ENST00000400421,42085302,42104057,321
ENST00000400421,42085302,42104057,321
ENST00000400423,42120518,42142995,504
ENST00000400423,42120518,42142995,504
ENST00000400424,42062958,42143453,1250
ENST00000400424,42062958,42143453,1250
ENST00000400427,42062958,42142995,1245
ENST00000400427,42062958,42142995,1245
ENST00000400454,40010998,40847158,9743
ENST00000400454,40010998,40847158,9743
ENST00000400477,38121472,38156511,337
ENST00000400477,38121472,38156511,337
ENST00000400485,36320196,36376632,681
ENST00000400485,36320196,36376632,681
ENST00000400532,25639271,25714573,645
ENST00000400546,20998408,21543329,5545
ENST00000400558,17793246,17819386,195
ENST00000400559,17792803,17819386,199
ENST00000400564,14485227,14546341,640
ENST00000400566,14485227,14546315,640
ENST00000400577,14216156,14228372,265
ENST00000400583,13826695,13827627,143
ENST00000400819,36994642,36995075,122
ENST00000400819,36994642,36995075,122
ENST00000401402,32412684,32515397,1168
ENST00000402202,33488218,33491691,148
ENST00000404019,40012900,40353654,3933
ENST00000404019,40012900,40353654,3933
ENST00000404220,33229970,33265675,415
ENST00000405436,33403465,33437502,401
ENST00000405964,17795207,17819019,163
ENST00000406229,27492117,27492261,109
ENST00000406413,30526545,30526701,92
ENST00000406538,13581059,13582004,111
ENST00000406845,23090027,23091831,120
ENST00000407739,13476370,13477263,126
ENST00000407780,44222990,44240943,325
ENST00000407780,44222990,44240943,325
ENST00000408471,34456109,34456237,91
ENST00000408471,34456109,34456237,91
ENST00000408910,42071316,42142996,1147
ENST00000408910,42071316,42142996,1147
ENST00000408914,36050213,36051377,100
ENST00000408914,36050213,36051377,100
ENST00000408989,42071316,42142995,1147
ENST00000408989,42071316,42142995,1147
ENST00000409416,46111476,46129808,794
ENST00000409416,46111476,46129808,794
ENST00000409758,25169430,25333825,1388
ENST00000410005,34400111,34401072,165
ENST00000410005,34400111,34401072,165
ENST00000410635,25101131,25101415,66
ENST00000410986,25202206,25202315,123
ENST00000411146,23281735,23281909,114
ENST00000411330,42221172,42221286,82
ENST00000411330,42221172,42221286,82
ENST00000411355,13968488,13968595,98
ENST00000411427,41441055,41445708,201
ENST00000411427,41441055,41445708,201
ENST00000411460,27722378,27751233,264
ENST00000411496,37073347,37203080,201
ENST00000411496,37073347,37203080,201
ENST00000411566,39428214,39445733,228
ENST00000411566,39428214,39445733,228
ENST00000411605,32080315,32086295,179
ENST00000411651,44805616,44818129,212
ENST00000411651,44805616,44818129,212
ENST00000411694,44158739,44160072,143
ENST00000411694,44158739,44160072,143
ENST00000411828,39175587,39183287,137
ENST00000411828,39175587,39183287,137
ENST00000411867,39525582,39529855,180
ENST00000411867,39525582,39529855,180
ENST00000411932,14967995,15002368,355
ENST00000411943,32624415,32625096,84
ENST00000411956,44175488,44176453,88
ENST00000411956,44175488,44176453,88
ENST00000411989,38739020,38742517,120
ENST00000411989,38739020,38742517,120
ENST00000411998,33263872,33266296,100
ENST00000412102,41711519,41715775,197
ENST00000412102,41711519,41715775,197
ENST00000412240,35713138,35732942,242
ENST00000412240,35713138,35732942,242
ENST00000412426,14837181,14881910,402
ENST00000412442,13905959,13906488,199
ENST00000412526,28539317,28540355,115
ENST00000412579,29758830,29764002,127
ENST00000412604,39236718,39280213,437
ENST00000412604,39236718,39280213,437
ENST00000412833,32428333,32495137,828
ENST00000412906,42009193,42024866,323
ENST00000412906,42009193,42024866,323
ENST00000412914,44702220,44702791,160
ENST00000412914,44702220,44702791,160
ENST00000412942,29127700,29128188,94
ENST00000413017,33616286,33641722,258
ENST00000413131,29760393,29764002,118
ENST00000413190,20430442,20430762,168
ENST00000413718,41679180,41697336,321
ENST00000413718,41679180,41697336,321
ENST00000413721,43462111,43464816,164
ENST00000413721,43462111,43464816,164
ENST00000413758,46120559,46125894,305
ENST00000413758,46120559,46125894,305
ENST00000413778,41421328,41458758,224
ENST00000413778,41421328,41458758,224
ENST00000413813,17518525,17518993,78
ENST00000413862,36131777,36156360,480
ENST00000413862,36131777,36156360,480
ENST00000413881,33230181,33262855,396
ENST00000413933,19244542,19246392,66
ENST00000414079,33596061,33603448,153
ENST00000414189,38323634,38333364,186
ENST00000414189,38323634,38333364,186
ENST00000414486,26393634,26518593,1045
ENST00000414582,18612061,18753028,1584
ENST00000414617,33481579,33482195,80
ENST00000414659,46229230,46251701,298
ENST00000414659,46229230,46251701,298
ENST00000414699,41180531,41186320,114
ENST00000414699,41180531,41186320,114
ENST00000414818,37144559,37153277,134
ENST00000414818,37144559,37153277,134
ENST00000414877,32080315,32197813,1278
ENST00000415023,33875359,33886354,196
ENST00000415023,33875359,33886354,196
ENST00000415026,46185078,46188941,234
ENST00000415026,46185078,46188941,234
ENST00000415143,45071827,45072239,104
ENST00000415143,45071827,45072239,104
ENST00000415147,36074880,36075602,124
ENST00000415147,36074880,36075602,124
ENST00000415182,24428780,24547942,1244
ENST00000415238,34135431,34136071,80
ENST00000415238,34135431,34136071,80
ENST00000415269,24043256,24043626,118
ENST00000415820,41559124,41562958,200
ENST00000415820,41559124,41562958,200
ENST00000415824,38880306,38956467,785
ENST00000415824,38880306,38956467,785
ENST00000415847,39377697,39406615,146
ENST00000415847,39377697,39406615,146
ENST00000415863,39428284,39445769,228
ENST00000415863,39428284,39445769,228
ENST00000415997,25975189,26051032,756
ENST00000416002,18614430,18650360,365
ENST00000416034,44046346,44047041,105
ENST00000416034,44046346,44047041,105
ENST00000416044,30289144,30289514,74
ENST00000416067,9068355,9129772,2544
ENST00000416145,34180743,34188562,116
ENST00000416145,34180743,34188562,116
ENST00000416179,42496538,42497443,58
ENST00000416179,42496538,42497443,58
ENST00000416182,21655037,21686329,318
ENST00000416218,24304549,24321377,286
ENST00000416327,22008943,22018156,194
ENST00000416357,34449244,34455741,184
ENST00000416357,34449244,34455741,184
ENST00000416447,41370212,41376949,156
ENST00000416447,41370212,41376949,156
ENST00000416468,45378335,45379635,125
ENST00000416468,45378335,45379635,125
ENST00000416555,39630270,39726085,998
ENST00000416555,39630270,39726085,998
ENST00000416641,17659275,17660384,76
ENST00000416722,45338589,45341990,287
ENST00000416722,45338589,45341990,287
ENST00000416754,34892924,35049270,1485
ENST00000416754,34892924,35049270,1485
ENST00000416768,20742589,20803084,701
ENST00000416842,38846246,38848644,87
ENST00000416842,38846246,38848644,87
ENST00000417007,33248743,33262757,185
ENST00000417042,38256874,38299319,459
ENST00000417042,38256874,38299319,459
ENST00000417060,46300510,46318206,406
ENST00000417060,46300510,46318206,406
ENST00000417133,38380026,38661694,2512
ENST00000417133,38380026,38661694,2512
ENST00000417138,38006543,38010618,68
ENST00000417138,38006543,38010618,68
ENST00000417181,33903455,33907412,102
ENST00000417181,33903455,33907412,102
ENST00000417335,38988574,39006562,258
ENST00000417335,38988574,39006562,258
ENST00000417564,46458890,46570015,1293
ENST00000417564,46458890,46570015,1293
ENST00000417820,44802576,44804717,104
ENST00000417820,44802576,44804717,104
ENST00000417871,33577916,33588670,196
ENST00000417954,45493571,45531541,975
ENST00000417954,45493571,45531541,975
ENST00000417963,41426177,41458758,229
ENST00000417963,41426177,41458758,229
ENST00000417979,33602332,33641730,379
ENST00000418018,39423244,39445760,273
ENST00000418018,39423244,39445760,273
ENST00000418029,46220268,46222341,127
ENST00000418029,46220268,46222341,127
ENST00000418103,41370084,41398942,155
ENST00000418103,41370084,41398942,155
ENST00000418301,32631777,32641945,99
ENST00000418336,42974534,43007712,565
ENST00000418336,42974534,43007712,565
ENST00000418394,46425832,46445690,200
ENST00000418394,46425832,46445690,200
ENST00000418516,43462111,43464917,164
ENST00000418516,43462111,43464917,164
ENST00000418544,16121309,16121644,72
ENST00000418755,30436465,30436964,60
ENST00000418766,37073253,37203107,956
ENST00000418766,37073253,37203107,956
ENST00000418813,16419401,16613481,1876
ENST00000418874,41576134,41581319,178
ENST00000418874,41576134,41581319,178
ENST00000418933,33903455,33909095,117
ENST00000418933,33903455,33909095,117
ENST00000418942,25095041,25103670,119
ENST00000418954,14852970,14881975,285
ENST00000419044,41425821,41459637,132
ENST00000419044,41425821,41459637,132
ENST00000419069,21723292,21737319,183
ENST00000419093,46188473,46194580,259
ENST00000419093,46188473,46194580,259
ENST00000419219,25592811,25607484,252
ENST00000419241,33797553,33817416,146
ENST00000419299,20742596,20803087,693
ENST00000419324,39216623,39217506,149
ENST00000419324,39216623,39217506,149
ENST00000419378,39342787,39349040,179
ENST00000419378,39342787,39349040,179
ENST00000419431,22098616,22116528,180
ENST00000419467,22041173,22054369,161
ENST00000419522,42496017,42518510,256
ENST00000419522,42496017,42518510,256
ENST00000419628,42599279,42615094,351
ENST00000419628,42599279,42615094,351
ENST00000419694,25515354,25518538,86
ENST00000419699,44136118,44145723,206
ENST00000419699,44136118,44145723,206
ENST00000419826,39727845,39729684,105
ENST00000419826,39727845,39729684,105
ENST00000419845,29077474,29091576,154
ENST00000419868,38296925,38299678,123
ENST00000419868,38296925,38299678,123
ENST00000419881,34180759,34189197,122
ENST00000419881,34180759,34189197,122
ENST00000419906,46653557,46654022,71
ENST00000419906,46653557,46654022,71
ENST00000419921,34745836,34748367,114
ENST00000419921,34745836,34748367,114
ENST00000419943,36132449,36133032,138
ENST00000419943,36132449,36133032,138
ENST00000419952,16194378,16522585,3154
ENST00000420068,33229981,33246853,284
ENST00000420072,33594661,33642338,442
ENST00000420074,46229523,46235453,174
ENST00000420074,46229523,46235453,174
ENST00000420186,27358884,27448579,1021
ENST00000420241,27367013,27367947,121
ENST00000420255,22009157,22098459,759
ENST00000420273,42781073,42782229,141
ENST00000420273,42781073,42782229,141
ENST00000420364,29193493,29288205,514
ENST00000420455,33432484,33479943,572
ENST00000420666,33875357,33886377,196
ENST00000420666,33875357,33886377,196
ENST00000420685,13846758,13847713,143
ENST00000420877,34745755,34784886,410
ENST00000420877,34745755,34784886,410
ENST00000420965,25643488,25644216,85
ENST00000421049,32748558,32755311,82
ENST00000421051,33111503,33123725,184
ENST00000421454,35472094,35472432,80
ENST00000421454,35472094,35472432,80
ENST00000421541,33555048,33567467,112
ENST00000421604,23065490,23131206,877
ENST00000421771,26390135,26471698,765
ENST00000421795,30510306,30510497,59
ENST00000421802,33432318,33479348,571
ENST00000421927,46229246,46242999,235
ENST00000421927,46229246,46242999,235
ENST00000422357,44328943,44330046,157
ENST00000422357,44328943,44330046,157
ENST00000422473,36104880,36109690,196
ENST00000422473,36104880,36109690,196
ENST00000422749,40383082,40385358,98
ENST00000422749,40383082,40385358,98
ENST00000422787,18365139,18485879,1092
ENST00000422809,29327128,29630751,2584
ENST00000422850,43950686,43971490,366
ENST00000422850,43950686,43971490,366
ENST00000422875,44012324,44104733,833
ENST00000422875,44012324,44104733,833
ENST00000422891,33266381,33296239,367
ENST00000422911,41798224,41879473,1376
ENST00000422911,41798224,41879473,1376
ENST00000423045,45750193,45752986,118
ENST00000423045,45750193,45752986,118
ENST00000423089,38238226,38238664,84
ENST00000423089,38238226,38238664,84
ENST00000423206,31118417,31130221,186
ENST00000423214,45505357,45512263,439
ENST00000423214,45505357,45512263,439
ENST00000423221,29748946,29764002,192
ENST00000423274,39315706,39323218,198
ENST00000423274,39315706,39323218,198
ENST00000423276,41739372,41741308,156
ENST00000423276,41739372,41741308,156
ENST00000423310,44414587,44425272,301
ENST00000423310,44414587,44425272,301
ENST00000423389,25031004,25031529,78
ENST00000423581,24428736,24438739,178
ENST00000423596,39462533,39511775,516
ENST00000423596,39462533,39511775,516
ENST00000423658,30806931,30807119,79
ENST00000423808,28089888,28102790,282
ENST00000424017,25055534,25069906,151
ENST00000424093,41466141,41508092,645
ENST00000424093,41466141,41508092,645
ENST00000424203,33503932,33542892,399
ENST00000424219,19130522,19134423,108
ENST00000424255,13120243,13120807,90
ENST00000424290,13443372,13489176,790
ENST00000424303,36045613,36060363,244
ENST00000424303,36045613,36060363,244
ENST00000424365,41426141,41459199,222
ENST00000424365,41426141,41459199,222
ENST00000424441,39202365,39229392,341
ENST00000424441,39202365,39229392,341
ENST00000424569,45593677,45597091,137
ENST00000424569,45593677,45597091,137
ENST00000424582,30762681,30762882,73
ENST00000424733,37187665,37193926,130
ENST00000424733,37187665,37193926,130
ENST00000424837,32958887,32960566,55
ENST00000424890,42648270,42651244,148
ENST00000424890,42648270,42651244,148
ENST00000424921,44159014,44160076,140
ENST00000424921,44159014,44160076,140
ENST00000424933,43140518,43141635,111
ENST00000424933,43140518,43141635,111
ENST00000425058,21223294,21226829,114
ENST00000425085,23407657,23409128,89
ENST00000425091,20388333,20388845,102
ENST00000425147,25361820,25362431,60
ENST00000425336,32601702,32604200,119
ENST00000425376,27722397,27751233,264
ENST00000425521,41993739,42008057,210
ENST00000425521,41993739,42008057,210
ENST00000425979,21746972,21797415,600
ENST00000426029,44339375,44340470,154
ENST00000426029,44339375,44340470,154
ENST00000426418,27638612,27654015,177
ENST00000426534,28048403,28137611,1185
ENST00000426537,46285004,46286184,169
ENST00000426537,46285004,46286184,169
ENST00000426578,44450985,44455284,143
ENST00000426578,44450985,44455284,143
ENST00000426609,25127468,25135247,79
ENST00000426672,37368058,37486493,1185
ENST00000426672,37368058,37486493,1185
ENST00000426771,26889375,26939742,425
ENST00000426783,39428304,39445769,228
ENST00000426783,39428304,39445769,228
ENST00000426819,33530786,33542793,174
ENST00000426935,33599195,33641745,401
ENST00000426942,43462093,43464973,165
ENST00000426942,43462093,43464973,165
ENST00000426947,33070964,33072413,62
ENST00000427022,34205054,34325034,972
ENST00000427022,34205054,34325034,972
ENST00000427188,43470432,43471592,116
ENST00000427188,43470432,43471592,116
ENST00000427301,13095304,13113790,249
ENST00000427445,10521574,10605716,1084
ENST00000427446,13546032,13558461,206
ENST00000427447,33931159,33977691,537
ENST00000427447,33931159,33977691,537
ENST00000427451,40383082,40385358,98
ENST00000427451,40383082,40385358,98
ENST00000427491,36141395,36156330,379
ENST00000427491,36141395,36156330,379
ENST00000427746,36937213,36990224,666
ENST00000427746,36937213,36990224,666
ENST00000427757,46690763,46691226,119
ENST00000427757,46690763,46691226,119
ENST00000427803,44133617,44141417,153
ENST00000427803,44133617,44141417,153
ENST00000427839,45531790,45541838,234
ENST00000427839,45531790,45541838,234
ENST00000427911,32844366,32849934,94
ENST00000428205,21566762,21615437,508
ENST00000428240,33818451,33829686,114
ENST00000428242,46072084,46072248,230
ENST00000428242,46072084,46072248,230
ENST00000428301,13843132,13848364,196
ENST00000428410,42964638,42965363,178
ENST00000428410,42964638,42965363,178
ENST00000428576,13937945,13970003,477
ENST00000428667,36445730,36532408,1313
ENST00000428667,36445730,36532408,1313
ENST00000428669,16194580,16607141,4036
ENST00000428689,17793487,17810845,150
ENST00000428693,37191333,37201621,166
ENST00000428693,37191333,37201621,166
ENST00000428809,14027420,14144468,1718
ENST00000428914,34180676,34183245,68
ENST00000428914,34180676,34183245,68
ENST00000429033,31060599,31063168,196
ENST00000429064,33903456,33907416,102
ENST00000429064,33903456,33907416,102
ENST00000429093,33567159,33570198,64
ENST00000429114,14236205,14279657,839
ENST00000429132,44921325,44928028,243
ENST00000429132,44921325,44928028,243
ENST00000429161,36045630,36060313,243
ENST00000429161,36045630,36060313,243
ENST00000429236,32665985,32727939,390
ENST00000429238,33584686,33931607,2535
ENST00000429271,27143343,27143949,145
ENST00000429327,45376190,45376382,108
ENST00000429327,45376190,45376382,108
ENST00000429340,26378551,26471102,824
ENST00000429427,45071732,45074165,127
ENST00000429427,45071732,45074165,127
ENST00000429512,46052595,46053105,339
ENST00000429512,46052595,46053105,339
ENST00000429521,13943743,13972129,407
ENST00000429588,36430359,36481070,789
ENST00000429588,36430359,36481070,789
ENST00000429621,38739020,38747460,171
ENST00000429621,38739020,38747460,171
ENST00000429739,42022266,42024924,202
ENST00000429739,42022266,42024924,202
ENST00000429827,33594642,33641741,440
ENST00000429843,29496046,29500386,159
ENST00000429903,42508623,42509661,84
ENST00000429903,42508623,42509661,84
ENST00000430001,29182026,29187795,137
ENST00000430013,43055597,43060546,165
ENST00000430013,43055597,43060546,165
ENST00000430060,21746984,21797415,600
ENST00000430064,16862874,16873691,172
ENST00000430068,36966511,36971828,172
ENST00000430068,36966511,36971828,172
ENST00000430093,39236717,39280213,437
ENST00000430093,39236717,39280213,437
ENST00000430181,44510685,44515623,170
ENST00000430181,44510685,44515623,170
ENST00000430247,28444548,28626604,1460
ENST00000430259,46251811,46254133,120
ENST00000430259,46251811,46254133,120
ENST00000430327,41176321,41186773,173
ENST00000430327,41176321,41186773,173
ENST00000430354,31924551,31968334,491
ENST00000430391,14918533,14947096,294
ENST00000430401,17777403,17792509,186
ENST00000430538,30263379,30263881,96
ENST00000430607,36698772,36701564,126
ENST00000430607,36698772,36701564,126
ENST00000430635,34723806,34737181,165
ENST00000430635,34723806,34737181,165
ENST00000430792,37069551,37072997,155
ENST00000430792,37069551,37072997,155
ENST00000430815,17763314,17792523,295
ENST00000430860,33025934,33027049,87
ENST00000430874,33530758,33543491,180
ENST00000430922,34180184,34190244,138
ENST00000430922,34180184,34190244,138
ENST00000431150,42831039,42836477,260
ENST00000431150,42831039,42836477,260
ENST00000431166,44250809,44261882,294
ENST00000431166,44250809,44261882,294
ENST00000431167,35599731,35600022,74
ENST00000431167,35599731,35600022,74
ENST00000431177,33602266,33633702,326
ENST00000431216,32578821,32612146,372
ENST00000431229,36709180,36745871,345
ENST00000431229,36709180,36745871,345
ENST00000431234,29062208,29073565,121
ENST00000431254,33903452,33915761,192
ENST00000431254,33903452,33915761,192
ENST00000431297,13762337,13764332,89
ENST00000431390,39342314,39349140,220
ENST00000431390,39342314,39349140,220
ENST00000431599,32592078,32603237,186
ENST00000431628,39175589,39183385,138
ENST00000431628,39175589,39183385,138
ENST00000431661,29194036,29284207,501
ENST00000431743,39491543,39491898,94
ENST00000431743,39491543,39491898,94
ENST00000431829,13544209,13545185,67
ENST00000431901,44350303,44366761,284
ENST00000431901,44350303,44366761,284
ENST00000432085,34446687,34459604,228
ENST00000432085,34446687,34459604,228
ENST00000432141,38206155,38208644,236
ENST00000432141,38206155,38208644,236
ENST00000432178,29055804,29061376,91
ENST00000432230,14818842,15014430,1575
ENST00000432231,33248714,33283212,346
ENST00000432278,38805950,38814981,199
ENST00000432278,38805950,38814981,199
ENST00000432378,33578241,33588706,195
ENST00000432411,41874755,41877613,132
ENST00000432411,41874755,41877613,132
ENST00000432412,18022369,18114904,915
ENST00000432504,33465377,33479289,206
ENST00000432621,14027420,14144468,1718
ENST00000432735,46229233,46242999,235
ENST00000432735,46229233,46242999,235
ENST00000432830,41715806,41717580,158
ENST00000432830,41715806,41717580,158
ENST00000432875,13939373,13962785,378
ENST00000432907,42974509,43033931,931
ENST00000432907,42974509,43033931,931
ENST00000432988,36141406,36150710,297
ENST00000432988,36141406,36150710,297
ENST00000433071,31559244,31560487,114
ENST00000433101,23477640,23490724,200
ENST00000433210,19301612,19303739,80
ENST00000433303,28163601,28170143,211
ENST00000433310,28439345,28674848,1879
ENST00000433312,13824405,13825635,141
ENST00000433344,27954921,27985295,370
ENST00000433378,41180096,41180626,74
ENST00000433378,41180096,41180626,74
ENST00000433383,17210468,17211347,138
ENST00000433395,33230130,33296708,389
ENST00000433427,15744003,15745080,96
ENST00000433465,45294777,45297351,139
ENST00000433465,45294777,45297351,139
ENST00000433524,22134697,22136083,109
ENST00000433588,15493931,15496124,87
ENST00000433806,14143580,14144158,80
ENST00000433840,43159065,43162277,115
ENST00000433840,43159065,43162277,115
ENST00000433931,32628758,32728040,559
ENST00000433951,36485982,36487411,202
ENST00000433951,36485982,36487411,202
ENST00000433952,38974428,38977774,135
ENST00000433952,38974428,38977774,135
ENST00000433957,42371886,42396052,407
ENST00000433957,42371886,42396052,407
ENST00000434081,44989863,44994086,308
ENST00000434081,44989863,44994086,308
ENST00000434195,36803983,36806284,88
ENST00000434195,36803983,36806284,88
ENST00000434281,39428207,39445803,228
ENST00000434281,39428207,39445803,228
ENST00000434589,38888771,38903905,180
ENST00000434589,38888771,38903905,180
ENST00000434667,31671227,31731968,531
ENST00000434853,35724746,35725100,96
ENST00000434853,35724746,35725100,96
ENST00000434859,24043256,24050286,217
ENST00000435001,37717101,37719569,181
ENST00000435001,37717101,37719569,181
ENST00000435072,29305202,29326336,150
ENST00000435181,13665867,13667546,51
ENST00000435279,20742907,20803216,700
ENST00000435323,32412436,32515389,1168
ENST00000435493,41141535,41148067,143
ENST00000435493,41141535,41148067,143
ENST00000435590,44675867,44678086,172
ENST00000435590,44675867,44678086,172
ENST00000435600,32621083,32622083,86
ENST00000435608,39217092,39219805,161
ENST00000435608,39217092,39219805,161
ENST00000435611,41362006,41409329,237
ENST00000435611,41362006,41409329,237
ENST00000435697,16419213,16488360,794
ENST00000435702,43363331,43366566,152
ENST00000435702,43363331,43366566,152
ENST00000435722,46459056,46547205,1076
ENST00000435722,46459056,46547205,1076
ENST00000435738,46056515,46057567,334
ENST00000435738,46056515,46057567,334
ENST00000435744,13038207,13067033,500
ENST00000435878,26349779,26350634,91
ENST00000436227,33552247,33577481,254
ENST00000436303,36060431,36064408,134
ENST00000436303,36060431,36064408,134
ENST00000436324,39342645,39349088,183
ENST00000436324,39342645,39349088,183
ENST00000436357,44246338,44251238,145
ENST00000436357,44246338,44251238,145
ENST00000436359,43465308,43467298,138
ENST00000436359,43465308,43467298,138
ENST00000436373,20256751,20258820,109
ENST00000436405,25762937,25763333,41
ENST00000436410,41361998,41377927,237
ENST00000436410,41361998,41377927,237
ENST00000436429,14971469,14992854,268
ENST00000436529,29370946,29373709,69
ENST00000436765,13846758,13848205,148
ENST00000436769,46098796,46112404,250
ENST00000436769,46098796,46112404,250
ENST00000436845,38326351,38333421,128
ENST00000436845,38326351,38333421,128
ENST00000436878,28090444,28103240,281
ENST00000437106,36168969,36170180,114
ENST00000437106,36168969,36170180,114
ENST00000437109,32020965,32021782,278
ENST00000437126,33818382,33834396,141
ENST00000437180,34787800,35049298,2304
ENST00000437180,34787800,35049298,2304
ENST00000437194,28212305,28228480,201
ENST00000437238,20742594,20803111,701
ENST00000437258,43805757,43810331,174
ENST00000437258,43805757,43810331,174
ENST00000437262,39171129,39172106,80
ENST00000437262,39171129,39172106,80
ENST00000437338,32412436,32515389,1168
ENST00000437395,33578200,33588634,194
ENST00000437426,42733593,42741758,174
ENST00000437426,42733593,42741758,174
ENST00000437492,18561264,18759822,2087
ENST00000437557,44200615,44202864,121
ENST00000437557,44200615,44202864,121
ENST00000437626,45074599,45226559,1373
ENST00000437626,45074599,45226559,1373
ENST00000437996,33589768,33602265,175
ENST00000438055,37073266,37165765,955
ENST00000438055,37073266,37165765,955
ENST00000438059,33534578,33542820,139
ENST00000438328,22882581,22884000,83
ENST00000438404,39428209,39445719,228
ENST00000438404,39428209,39445719,228
ENST00000438657,38272294,38299997,371
ENST00000438657,38272294,38299997,371
ENST00000438788,33631492,33643926,170
ENST00000438837,43721691,43732265,185
ENST00000438837,43721691,43732265,185
ENST00000438852,39235385,39236020,52
ENST00000438852,39235385,39236020,52
ENST00000438952,32628762,32645710,138
ENST00000439088,44989863,44994069,308
ENST00000439088,44989863,44994069,308
ENST00000439107,31974702,32044633,968
ENST00000439213,33403426,33432216,349
ENST00000439274,25881331,26170654,2771
ENST00000439392,17777403,17792509,186
ENST00000439427,36070014,36071583,113
ENST00000439427,36070014,36071583,113
ENST00000439593,33559541,33578363,224
ENST00000439840,25385819,25430828,229
ENST00000439851,30537277,30537381,52
ENST00000440052,32728138,32743122,128
ENST00000440086,46635680,46665124,380
ENST00000440086,46635680,46665124,380
ENST00000440126,25881330,26140460,2502
ENST00000440205,25396193,25424709,190
ENST00000440221,41176445,41186788,172
ENST00000440221,41176445,41186788,172
ENST00000440288,39445930,39511706,662
ENST00000440288,39445930,39511706,662
ENST00000440363,40618506,40630767,281
ENST00000440363,40618506,40630767,281
ENST00000440372,18917933,18935859,259
ENST00000440379,38912737,38915148,169
ENST00000440379,38912737,38915148,169
ENST00000440403,34353098,34375364,150
ENST00000440403,34353098,34375364,150
ENST00000440405,35887194,35887807,61
ENST00000440405,35887194,35887807,61
ENST00000440526,33595130,33622042,286
ENST00000440620,30802241,30802427,78
ENST00000440629,37221418,37237744,219
ENST00000440629,37221418,37237744,219
ENST00000440664,17438820,17450104,253
ENST00000440714,39028535,39029128,91
ENST00000440714,39028535,39029128,91
ENST00000440794,33799922,33817736,134
ENST00000440810,33579523,33586158,169
ENST00000441030,43065615,43076943,207
ENST00000441095,45593653,45603056,219
ENST00000441268,41141492,41148133,163
ENST00000441283,43475924,43479534,80
ENST00000441379,44921050,44929678,269
ENST00000441677,41426238,41441173,166
ENST00000441787,41798224,41879473,1376
ENST00000441910,40615377,40630767,317
ENST00000441947,45300244,45305257,149
ENST00000442212,38502444,38502621,78
ENST00000442434,46462470,46469306,192
ENST00000442448,38380029,38661780,2513
ENST00000442559,36048321,36060300,217
ENST00000442605,42560373,42561934,162
ENST00000442773,39380486,39390803,178
ENST00000442785,44250812,44251520,114
ENST00000442815,43358146,43362349,177
ENST00000443046,39343008,39349054,177
ENST00000443300,44469928,44472516,132
ENST00000443341,38256741,38299380,459
ENST00000443408,34516444,34614446,1116
ENST00000443485,43613850,43659470,426
ENST00000443620,44472894,44473739,99
ENST00000443703,36053588,36060242,163
ENST00000443742,45531873,45544400,246
ENST00000444046,40383082,40385358,98
ENST00000444161,36388877,36389112,147
ENST00000444409,44328943,44330221,159
ENST00000444889,39373762,39377066,160
ENST00000444966,46246889,46247682,87
ENST00000444977,38237216,38238201,91
ENST00000444998,46229239,46242999,235
ENST00000445242,45336706,45338665,229
ENST00000445245,39236717,39280213,437
ENST00000445440,44473722,44475097,83
ENST00000445464,36082858,36090414,251
ENST00000445582,43916271,43969153,617
ENST00000445668,39236717,39280213,437
ENST00000445724,44849585,44873903,483
ENST00000445935,46314870,46323869,197
ENST00000446166,36045863,36060526,243
ENST00000446405,46136778,46138572,629
ENST00000446475,45407385,45410065,174
ENST00000446649,46151613,46152647,149
ENST00000446910,41143179,41147433,143
ENST00000446924,39187245,39264941,712
ENST00000447016,41798224,41863302,1208
ENST00000447037,46251548,46252834,100
ENST00000447535,42916802,42925630,217
ENST00000447939,39499822,39515506,300
ENST00000448049,43446600,43453893,179
ENST00000448247,43805757,43810361,175
ENST00000448287,43867241,43968005,1011
ENST00000448288,39428171,39445778,228
ENST00000448340,36937167,36980628,556
ENST00000448579,38739020,38742053,115
ENST00000448845,43947005,43959796,260
ENST00000448927,44331233,44335851,212
ENST00000449165,41885111,41901652,258
ENST00000449395,41798224,41879473,1376
ENST00000449478,45074776,45222456,544
ENST00000449622,44136150,44194535,225
ENST00000449640,45849989,45941706,1481
ENST00000449713,44485485,44491142,168
ENST00000449877,43855889,43856342,152
ENST00000449949,41993947,42010357,225
ENST00000450007,46420552,46421034,156
ENST00000450079,39488326,39488760,76
ENST00000450121,42219116,42284648,814
ENST00000450190,43115333,43115709,100
ENST00000450205,43322416,43332039,310
ENST00000450351,46216388,46228768,237
ENST00000450533,37073266,37203082,826
ENST00000450895,34418714,34423951,111
ENST00000451035,44506806,44516575,276
ENST00000451131,39428461,39445752,228
ENST00000451211,46635594,46665117,382
ENST00000451248,43053754,43058941,179
ENST00000451543,43462111,43464917,164
ENST00000451615,45267697,45285691,314
ENST00000451618,46037051,46039807,241
ENST00000451820,38894916,38895252,53
ENST00000452550,39452122,39515506,655
ENST00000452572,36130488,36131376,113
ENST00000452969,43783122,43783573,165
ENST00000453032,38383125,38498476,1084
ENST00000453159,36131766,36156326,480
ENST00000453844,36016078,36016546,77
ENST00000454245,46093263,46097530,314
ENST00000454482,37208502,37221736,241
ENST00000454499,41466141,41531116,997
ENST00000454800,42496007,42498203,66
ENST00000454980,36445821,36460752,385
ENST00000455028,35136637,35139222,140
ENST00000455097,37420298,37472829,1089
ENST00000455116,42508633,42509658,84
ENST00000455164,41426030,41459213,484
ENST00000455177,46644342,46652952,179
ENST00000455354,40383082,40385358,98
ENST00000455567,46229195,46251701,298
ENST00000455571,34880605,35049298,1569
ENST00000455701,42022082,42024951,202
ENST00000455813,41494355,41506604,183
ENST00000455867,39236718,39280213,437
ENST00000456017,39428401,39445780,228
ENST00000456507,40863993,40864473,129
ENST00000456613,45378200,45379624,126
ENST00000456705,44107372,44115744,160
ENST00000456880,44414594,44416740,225
ENST00000456957,43003888,43007515,133
ENST00000456966,38809635,38818646,201
ENST00000457068,43946949,43971490,399
ENST00000457157,36005136,36007838,126
ENST00000457325,39727754,39730680,109
ENST00000457669,36632680,36637033,187
ENST00000457828,46189123,46228824,599
ENST00000457881,41712156,41714055,161
ENST00000457905,46458949,46550110,1099
ENST00000458015,44940024,44969264,465
ENST00000458223,43055582,43058954,155
ENST00000458295,39445874,39515270,709
ENST00000458356,41466008,41508158,722
ENST00000458387,46635594,46665117,382
ENST00000458654,41870632,41872054,144
ENST00000459639,43092955,43105252,147
ENST00000459741,44088038,44106552,220
ENST00000459895,45493194,45497812,491
ENST00000459922,39791629,39801435,178
ENST00000459939,39422987,39445761,275
ENST00000460011,46136266,46142741,744
ENST00000460020,44319840,44324543,131
ENST00000460174,45512824,45515768,168
ENST00000460207,35954659,35984749,564
ENST00000460259,42879643,42909105,615
ENST00000460328,37091326,37096885,151
ENST00000460521,44320576,44327376,152
ENST00000460704,36052916,36057199,137
ENST00000460734,45074568,45146295,693
ENST00000460740,42893320,42903931,364
ENST00000460783,36699132,36710613,170
ENST00000460886,46112417,46112949,112
ENST00000460905,42653635,42754064,1223
ENST00000460932,45265399,45270094,162
ENST00000460989,42653778,42775509,1547
ENST00000461123,43753582,43756162,140
ENST00000461686,43053190,43068404,274
ENST00000461785,45502512,45504121,377
ENST00000461889,44079792,44083015,90
ENST00000462050,42199811,42297244,1112
ENST00000462214,45073852,45137326,649
ENST00000462224,39867438,39929397,816
ENST00000462274,37472779,37481649,1223
ENST00000462349,43053788,43059739,183
ENST00000462467,37261081,37267153,96
ENST00000462569,44776833,44801801,306
ENST00000462571,42653778,42775509,1547
ENST00000462742,44329890,44338784,246
ENST00000463060,46000930,46003998,329
ENST00000463138,41488488,41508114,276
ENST00000463216,37073276,37203070,702
ENST00000463276,34523545,34615083,1069
ENST00000463599,43095701,43104476,117
ENST00000463631,39348064,39349054,132
ENST00000463668,36246300,36261915,307
ENST00000463674,41241744,41275624,327
ENST00000463771,42346373,42350997,176
ENST00000463902,42855683,42879546,430
ENST00000463917,45267525,45270091,138
ENST00000464078,39343136,39349054,175
ENST00000464215,45128452,45171759,462
ENST00000464265,37062845,37072811,197
ENST00000464357,46215684,46228762,249
ENST00000464750,43092955,43107524,168
ENST00000465077,45643693,45788739,1093
ENST00000465326,41236627,41257326,252
ENST00000465356,46440993,46443172,136
ENST00000465532,38121472,38156511,337
ENST00000465732,43068320,43075864,162
ENST00000465905,44089484,44098424,146
ENST00000465955,41801627,41803118,291
ENST00000465968,41991405,42010333,249
ENST00000465978,44517619,44525952,194
ENST00000466122,41230117,41276597,418
ENST00000466134,44300095,44327376,426
ENST00000466285,45999399,46000928,240
ENST00000466328,36069940,36071216,113
ENST00000466434,42085302,42104057,321
ENST00000466472,42762213,42768412,216
ENST00000466474,46324123,46389635,144
ENST00000466639,46458976,46547205,1076
ENST00000466787,39387790,39397254,135
ENST00000466861,44813509,44818105,156
ENST00000466954,39423419,39445733,273
ENST00000467026,46235132,46259265,324
ENST00000467060,33918994,33919338,105
ENST00000467074,41900952,41926672,380
ENST00000467112,43792930,43805293,236
ENST00000467162,42686196,42762139,904
ENST00000467315,44319866,44327376,157
ENST00000467358,43964928,43982377,327
ENST00000467403,42653778,42775509,1547
ENST00000467510,41426240,41459200,172
ENST00000467565,39898475,39929397,487
ENST00000467573,39127567,39128040,121
ENST00000467577,34856288,34859578,121
ENST00000467692,35372506,35580760,2076
ENST00000467818,42276685,42286141,292
ENST00000467908,43741419,43762307,528
ENST00000468009,39428221,39438936,162
ENST00000468016,43170226,43172638,128
ENST00000468039,43100452,43101907,63
ENST00000468090,43719096,43762307,733
ENST00000468360,45269850,45287884,307
ENST00000468392,43745702,43756173,409
ENST00000468429,45901014,45940199,954
ENST00000468474,38400071,38661694,2412
ENST00000468506,41420365,41423277,117
ENST00000468508,45512361,45515133,169
ENST00000468717,39867450,39929397,816
ENST00000468726,35064715,35065072,88
ENST00000468805,42653778,42775509,1547
ENST00000468864,44096579,44105051,150
ENST00000468924,46286354,46291930,420
ENST00000468982,42085302,42104057,321
ENST00000469087,34832960,34856447,352
ENST00000469240,46145828,46146604,229
ENST00000469395,41467765,41468837,126
ENST00000469482,36036084,36043648,167
ENST00000469521,44089759,44098534,146
ENST00000469658,38121472,38156511,337
ENST00000469939,37159518,37165765,153
ENST00000470029,43719222,43744650,525
ENST00000470108,39298089,39321559,366
ENST00000470196,44329890,44331968,173
ENST00000470545,44136873,44137566,78
ENST00000470586,41798224,41810466,444
ENST00000470658,42862281,42879510,361
ENST00000470864,41225475,41241839,203
ENST00000470886,43686131,43696077,157
ENST00000470912,43066242,43075945,181
ENST00000470987,42653754,42775509,1547
ENST00000471250,43092955,43095943,109
ENST00000471260,39347491,39348620,126
ENST00000471277,42513891,42526038,249
ENST00000471468,39380413,39391205,178
ENST00000471490,44119158,44127855,154
ENST00000471540,45263927,45283494,319
ENST00000471909,43797360,43805293,193
ENST00000472191,45643709,45669032,299
ENST00000472272,46227318,46228774,122
ENST00000472364,46552910,46558738,123
ENST00000472398,37156740,37186079,323
ENST00000472401,42653748,42699038,624
ENST00000472587,42276343,42297244,415
ENST00000472602,38155548,38188016,295
ENST00000472607,46301709,46311631,327
ENST00000472777,43728912,43747186,495
ENST00000473107,38403603,38449105,582
ENST00000473212,45506018,45512567,377
ENST00000473381,42403916,42447530,508
ENST00000473752,46504312,46545205,574
ENST00000473813,39209785,39218660,216
ENST00000473988,43790492,43791412,122
ENST00000474114,44315526,44327376,203
ENST00000474319,46189124,46193370,224
ENST00000474336,43021150,43028781,247
ENST00000474368,41400864,41404873,96
ENST00000474455,34375567,34386633,167
ENST00000474596,42371889,42389118,318
ENST00000474735,43866618,43867746,85
ENST00000474737,44855227,44865896,322
ENST00000475009,37238204,37267403,272
ENST00000475045,34887045,36004667,10445
ENST00000475047,42111396,42115934,232
ENST00000475170,44885952,44894027,260
ENST00000475297,42346421,42350994,175
ENST00000475402,45914037,45941883,711
ENST00000475534,43789512,43797537,238
ENST00000475618,41252464,41257326,135
ENST00000475639,43092955,43107524,168
ENST00000475776,46314870,46323869,197
ENST00000475838,39556483,39563584,211
ENST00000476084,43719176,43723893,131
ENST00000476313,43728916,43738831,412
ENST00000476326,42849225,42879568,564
ENST00000476653,45285482,45287892,140
ENST00000476784,37107737,37203112,856
ENST00000476848,42371889,42383751,274
ENST00000476914,39425870,39428528,110
ENST00000476948,44127798,44128651,93
ENST00000476950,37225471,37267346,371
ENST00000477091,34073548,34143034,642
ENST00000477633,41801656,41804723,310
ENST00000477954,44770971,44801779,370
ENST00000478105,46561284,46569708,184
ENST00000478200,44773547,44801826,348
ENST00000478268,41426269,41429921,114
ENST00000478273,39410868,39428528,238
ENST00000478282,43092955,43096390,110
ENST00000478313,36526279,36542855,244
ENST00000478372,41952945,41953519,113
ENST00000478426,43421111,43422005,108
ENST00000478613,38121450,38156511,337
ENST00000478674,44331961,44333464,161
ENST00000478680,42381877,42382753,144
ENST00000478709,43075106,43076288,103
ENST00000479117,43959782,43982724,403
ENST00000479127,44958245,44976973,498
ENST00000479152,37069266,37072723,157
ENST00000479153,44805616,44818779,216
ENST00000479202,44886332,44889131,187
ENST00000479325,34821278,34829970,105
ENST00000479378,39751171,39788188,608
ENST00000479424,33829005,33837038,116
ENST00000479429,42854561,42879515,445
ENST00000479557,46270262,46272623,111
ENST00000479586,39347335,39349015,136
ENST00000479654,46563659,46569708,168
ENST00000479810,41304211,41357431,585
ENST00000479849,44907986,44910741,145
ENST00000479930,37085789,37203112,1078
ENST00000480147,43772524,43776268,146
ENST00000480179,42974661,43018051,720
ENST00000480234,44861173,44873668,333
ENST00000480452,37233291,37267318,306
ENST00000480486,36386059,36398239,296
ENST00000480553,46538734,46547205,157
ENST00000480612,39443458,39445753,99
ENST00000480690,39425918,39428528,110
ENST00000480786,44133673,44140604,141
ENST00000480896,46324887,46445769,1712
ENST00000480950,46145827,46146926,231
ENST00000481022,45176409,45177547,74
ENST00000481113,46251514,46256986,148
ENST00000481185,36699133,36746324,452
ENST00000481302,45853970,45859777,153
ENST00000481319,43959788,43969267,248
ENST00000481448,34516483,34526850,175
ENST00000481458,36399501,36412962,196
ENST00000481460,44079475,44082900,91
ENST00000481477,36034540,36060385,339
ENST00000481512,43733670,43753594,504
ENST00000481546,44769039,44775436,158
ENST00000481605,37073276,37165716,826
ENST00000481609,38391658,38498456,1052
ENST00000481710,34375479,34402777,414
ENST00000481838,41398984,41408026,139
ENST00000481861,46643534,46659430,235
ENST00000481883,46555518,46559106,102
ENST00000481921,39175457,39178820,96
ENST00000482032,38093243,38121331,286
ENST00000482084,41886672,41919033,445
ENST00000482186,41886672,41908802,340
ENST00000482192,39342803,39348623,169
ENST00000482273,36896569,36930417,315
ENST00000482318,34791754,35049288,2281
ENST00000482508,46643285,46661270,262
ENST00000482533,34516483,34524289,142
ENST00000482575,46431258,46432035,140
ENST00000482679,34123952,34143034,220
ENST00000482733,39347994,39349020,132
ENST00000482761,42371889,42390418,330
ENST00000482775,43169086,43172805,137
ENST00000482953,41389542,41409390,258
ENST00000483178,36712565,36720587,110
ENST00000483568,46136261,46137334,599
ENST00000483844,46348238,46353326,126
ENST00000483896,43789558,43797982,244
ENST00000483973,44089500,44096704,139
ENST00000483977,34122173,34143034,235
ENST00000484028,36361835,36369115,183
ENST00000484047,37083625,37093402,213
ENST00000484090,39312562,39313301,140
ENST00000484174,42120518,42126396,197
ENST00000484465,41426191,41428070,98
ENST00000484627,33912366,33915724,131
ENST00000484712,42127677,42137631,313
ENST00000484808,46195675,46196371,145
ENST00000484861,44627122,44628293,112
ENST00000484865,43971402,43981412,231
ENST00000484878,39411717,39445752,370
ENST00000484887,42499706,42502974,73
ENST00000485190,45265373,45266375,146
ENST00000485206,45419715,45425070,230
ENST00000485207,44973055,44976973,339
ENST00000485272,37006149,37019659,265
ENST00000485299,36347871,36360049,221
ENST00000485357,42085302,42104057,321
ENST00000485402,37073257,37165765,955
ENST00000485493,38470774,38661694,1710
ENST00000485550,39342908,39348597,168
ENST00000485591,46113616,46117521,186
ENST00000485621,44091752,44098425,134
ENST00000485649,45515517,45534706,375
ENST00000485865,36045782,36057301,204
ENST00000485895,39421559,39445777,296
ENST00000485933,36333418,36336990,133
ENST00000486023,46002488,46004106,328
ENST00000486098,43061918,43063248,128
ENST00000486126,44114575,44117843,116
ENST00000486275,41420279,41450727,220
ENST00000486303,45535983,45537933,147
ENST00000486519,43093189,43107570,166
ENST00000486520,46656822,46664951,150
ENST00000486741,39342314,39349099,220
ENST00000486746,44089700,44098434,145
ENST00000486812,41798224,41814962,499
ENST00000486902,42653778,42701189,647
ENST00000486937,46235132,46268062,400
ENST00000487297,36034541,36043373,173
ENST00000487374,33912377,33915779,131
ENST00000487434,34513141,34521583,148
ENST00000487711,37153236,37165765,202
ENST00000487869,39380393,39392046,187
ENST00000487909,36320230,36376646,681
ENST00000487951,42543516,42547717,111
ENST00000487990,34516483,34560179,642
ENST00000487994,41226265,41275381,453
ENST00000488368,37225515,37267329,370
ENST00000488392,44136106,44137575,87
ENST00000488492,34073223,34143034,642
ENST00000488522,37194452,37197947,113
ENST00000488526,43068403,43073508,133
ENST00000488577,46138529,46145573,722
ENST00000489072,39342799,39348862,174
ENST00000489175,34509455,34512207,89
ENST00000489201,41529788,41531098,115
ENST00000489261,33829005,33856793,286
ENST00000489319,42756774,42775509,394
ENST00000489469,34375508,34400175,354
ENST00000489661,41825976,41836894,285
ENST00000489676,42312052,42313686,113
ENST00000489821,39597188,39612392,84
ENST00000489903,34516483,34614446,1114
ENST00000490032,39342977,39348339,167
ENST00000490091,44799989,44801808,99
ENST00000490184,39423239,39445775,273
ENST00000490393,37006201,37019659,265
ENST00000490450,44777253,44801768,304
ENST00000490468,46324140,46349800,337
ENST00000490479,41912159,41942160,476
ENST00000490666,43741015,43753654,431
ENST00000490803,42653754,42775509,1547
ENST00000490860,39392895,39397104,95
ENST00000490982,44425555,44441874,311
ENST00000491110,41450927,41452820,192
ENST00000491183,39347146,39349067,139
ENST00000491298,44305193,44313954,227
ENST00000491389,46648317,46649888,99
ENST00000491486,41821190,41835518,334
ENST00000491513,44771278,44801823,369
ENST00000491559,42085302,42104057,321
ENST00000491564,39199418,39200496,78
ENST00000491625,39422411,39445805,293
ENST00000491666,46300180,46318206,409
ENST00000491703,33903452,33915768,192
ENST00000491729,46188445,46193487,253
ENST00000491776,43055071,43060520,167
ENST00000491838,41226302,41246271,256
ENST00000491952,37091393,37095490,129
ENST00000492275,37073225,37202779,703
ENST00000492280,39342314,39349344,221
ENST00000492336,36320188,36339527,286
ENST00000492414,45074599,45226560,1373
ENST00000492514,37238355,37267301,270
ENST00000492600,34521059,34526824,140
ENST00000492638,43789576,43793419,189
ENST00000492742,42849225,42879275,564
ENST00000492760,36164835,36212048,651
ENST00000492833,38395369,38445621,609
ENST00000492851,45987108,45987633,244
ENST00000492864,46286453,46292197,420
ENST00000493019,42472485,42496246,341
ENST00000493524,45269840,45287896,308
ENST00000493753,41376849,41399766,105
ENST00000493811,45282368,45287891,181
ENST00000493883,44133638,44141417,153
ENST00000494243,37073280,37135452,702
ENST00000494252,41362026,41364666,105
ENST00000494310,44126010,44128599,108
ENST00000494435,46504379,46546304,577
ENST00000494498,46136159,46142701,718
ENST00000494690,44855237,44873032,403
ENST00000494755,46256475,46259096,135
ENST00000494829,35435660,35465329,342
ENST00000495005,33908813,33915753,160
ENST00000495007,44133615,44145012,220
ENST00000495217,41802893,41819783,515
ENST00000495240,39405977,39411147,105
ENST00000495274,44322961,44325635,123
ENST00000495343,42731757,42775509,633
ENST00000495344,38121472,38156511,337
ENST00000495363,34375560,34407866,443
ENST00000495475,46285290,46285897,153
ENST00000495521,42653778,42775509,1547
ENST00000495656,33829005,33856793,286
ENST00000495858,37230517,37233442,126
ENST00000495892,41362029,41367306,125
ENST00000496044,33912366,33915724,131
ENST00000496124,41828320,41836932,259
ENST00000496321,44329890,44338338,243
ENST00000496395,44777376,44801744,304
ENST00000496416,42565826,42575947,339
ENST00000496462,43097621,43107524,129
ENST00000496485,43059275,43064227,164
ENST00000496607,46235132,46266952,393
ENST00000496664,45074599,45226560,1373
ENST00000496759,39278496,39280207,96
ENST00000496774,41390650,41402200,209
ENST00000496783,42285933,42295352,278
ENST00000496824,44300066,44316339,309
ENST00000497243,42085302,42104057,321
ENST00000497493,37223419,37229483,115
ENST00000497547,43789576,43805293,318
ENST00000497630,44770930,44801819,371
ENST00000497664,44774530,44801804,330
ENST00000497805,42653778,42775509,1547
ENST00000497909,43950712,43955160,159
ENST00000498040,43728729,43753654,554
ENST00000498121,45858936,45901590,655
ENST00000498151,46648507,46649893,93
ENST00000498210,44550434,44551505,120
ENST00000498355,46136261,46155567,915
ENST00000498430,44369120,44443081,1238
ENST00000498614,46001196,46005050,345
ENST00000498666,44885952,44920960,637
ENST00000498670,43947009,43955102,191
ENST00000498789,37261081,37267340,97
ENST00000498841,44319622,44327376,158
ENST00000515969,41882204,41882300,84
ENST00000516797,43996321,43996420,112
ENST00000516810,42417496,42417593,89
ENST00000517106,39344536,39344628,135
ENST00000517563,44903502,44928718,472
ENST00000517819,44907031,44921133,334
ENST00000518033,44910320,44920927,290
ENST00000518236,41304249,41346349,492
ENST00000518498,42311666,42315409,141
ENST00000520389,44903514,44920927,381
ENST00000521987,44901550,44920932,400
ENST00000521995,44910283,44931989,412
ENST00000522411,46190782,46228781,558
ENST00000522688,44903507,44920942,381
ENST00000522931,44903383,44914283,300
ENST00000523126,44909319,44910688,130
ENST00000523323,44885955,44920875,637
ENST00000523663,44903364,44911177,218
ENST00000524251,44906924,44920899,334
ENST00000527919,44285845,44297739,265
ENST00000528477,45537777,45544402,148
ENST00000530812,44285837,44298648,288
ENST00000530908,36069940,36073166,126
ENST00000535199,36069641,36126640,784
ENST00000540756,37073280,37153323,830
ENST00000546158,43954547,43982717,449
ENST00000546482,36369610,36386148,324
ENST00000547341,38157033,38299406,1370
ENST00000547595,38157033,38299406,1370
ENST00000547657,36369610,36386148,324
ENST00000548700,38157033,38299406,1370
ENST00000549158,38157033,38299337,1370
ENST00000549265,45893876,45896309,272
ENST00000549805,38157033,38299406,1370
ENST00000549932,38157033,38299406,1370
ENST00000549948,36369610,36386148,324
ENST00000551367,36369610,36386148,324
ENST00000551422,38157033,38299406,1370
ENST00000551788,36369610,36386148,324
ENST00000552581,36369610,36386148,324
ENST00000557820,43020450,43029949,264
ENST00000558955,43024816,43030214,177
ENST00000560448,43004321,43030331,429
ENST00000567670,45498200,45544411,910
ENST00000568332,44347766,44348295,98
ENST00000569966,44994361,44995185,241
ENST00000578829,37208502,37220695,236
ENST00000579137,42950927,42951014,163
ENST00000579533,37215604,37215903,120
ENST00000581640,37208502,37220688,236
ENST00000581669,44437120,44437175,136
ENST00000582241,41167556,41167629,69
ENST00000583496,44439034,44439110,159
ENST00000584169,45234339,45257267,467
ENST00000584840,37208502,37220697,236
ENST00000585040,40212351,40212431,99
ENST00000585273,37208502,37220696,236
ENST00000586552,41712855,41715753,185
ENST00000588753,46229272,46244865,247
ENST00000589300,41712855,41715753,185
ENST00000590829,46229216,46259390,400
ENST00000591223,46229224,46243750,239
ENST00000593338,45735391,45749899,208
ENST00000593977,33948725,33969590,324
ENST00000594149,45673554,45751056,587
ENST00000594320,45749392,45750475,110
ENST00000594370,33943624,33969598,379
ENST00000594752,33943555,33969598,381
ENST00000595747,33944587,33969598,370
ENST00000596207,45100486,45101094,71
ENST00000596365,33915533,33969586,614
ENST00000597626,33915547,33969358,611
ENST00000599421,33931162,33938372,143
ENST00000599569,45070951,45073211,123
ENST00000599962,43565181,43565648,72
ENST00000600155,33948787,33969598,325
ENST00000601471,33923432,33943130,298
ENST00000602568,37100813,37101343,86
ENST00000603064,39313906,39314962,137
ENST00000604662,36943266,36944125,90
ENST00000605450,38204543,38205606,218
ENST00000606322,38894784,38894867,53
ENST00000607049,43018130,43030162,297
ENST00000607150,43024434,43028875,168
ENST00000607953,33967099,33968573,91
ENST00000608043,44921075,44927944,247
ENST00000608289,34425507,34426017,64
ENST00000608391,36319791,36320670,97
ENST00000608405,37267783,37268497,70
ENST00000608431,33945809,33951297,189
ENST00000608622,36132772,36156317,473
ENST00000608632,36132774,36156317,473
ENST00000608641,36132740,36156337,473
ENST00000608665,34412199,34412587,78
ENST00000608690,36132772,36156268,473
ENST00000608767,39184468,39184899,82
ENST00000608783,37365476,37365932,86
ENST00000609062,34180714,34189066,121
ENST00000609132,33969518,33977703,171
ENST00000609192,36132779,36137385,206
ENST00000609325,34521070,34523117,97
ENST00000609461,44929652,44930112,130
ENST00000609592,44921072,44927970,248
ENST00000609664,44600596,44602174,196
ENST00000609694,44921072,44927902,247
ENST00000609713,37607372,37916457,3016
ENST00000609947,34180728,34189183,122
ENST00000609953,44936302,44936954,103
ENST00000609985,45748022,45749956,112
ENST00000610063,44921075,44927942,247
ENST00000610200,45749683,45751478,113
ENST00000610236,33915877,33923479,148
ENST00000611656,39447009,39447069,84
ENST00000611936,34446687,34511325,608
ENST00000611994,45478265,45478326,206
ENST00000612273,46001304,46004908,927
ENST00000612277,36750887,36980964,2099
ENST00000612472,45263928,45287896,375
ENST00000612702,38256697,38301822,499
ENST00000613045,38913312,38926277,305
ENST00000613499,38256697,38301822,499
ENST00000613667,33967023,33969568,129
ENST00000613967,43609886,43609989,52
ENST00000614538,38122331,38156511,327
ENST00000615172,45263978,45277410,247
ENST00000615324,38918935,38923677,193
ENST00000615480,39612939,39661561,586
ENST00000615826,44999207,45004727,241
ENST00000615847,44932813,44939937,125
ENST00000616030,33915549,33969598,614
ENST00000616808,39171461,39171560,68
ENST00000616815,44978831,44979274,372
ENST00000617004,45403808,45404943,135
ENST00000617205,44477849,44478493,75
ENST00000617417,44686357,44686629,136
ENST00000617854,45759803,45763758,67
ENST00000617870,40012413,40369270,4087
ENST00000618749,45870853,45873345,114
ENST00000619053,44241574,44242081,91
ENST00000619549,34185865,34188877,88
ENST00000619682,41432049,41459213,441
ENST00000620163,44244544,44244993,87
ENST00000620580,33962228,33969594,159
ENST00000620920,34516444,34524637,146
ENST00000621478,43734061,43738858,362
ENST00000621601,34446687,34459938,230
ENST00000621707,45974488,45974953,162
ENST00000622171,33931222,33938301,142
ENST00000622292,41746771,41746841,93
ENST00000623098,38913186,38926180,303
ENST00000623119,41175230,41180818,131
ENST00000623484,36132802,36156336,473
ENST00000623579,36132799,36146318,340
ENST00000623638,36132799,36146865,344
ENST00000623647,36132801,36138868,236
ENST00000623703,39380353,39414288,359
ENST00000624080,36132799,36175815,690
ENST00000624086,36132800,36134006,151
ENST00000624669,36485866,36487760,214
ENST00000624883,36132800,36135589,173
ENST00000625079,36132799,36138464,231
ENST00000625189,36132799,36134873,163
ENST00000626237,45914295,45919483,385
ENST00000626259,38863675,38912921,586
ENST00000626421,43748364,43748468,111
ENST00000626933,46220343,46225364,171
ENST00000628044,44300105,44304318,215
ENST00000628202,44246338,44261897,333
ENST00000628776,45732724,45750030,218
ENST00000628906,33939407,33969569,415
ENST00000630751,34157723,34188917,320
ENST00000631642,45180435,45183447,69
ENST00000632732,38204140,38206080,226
ENST00000634453,42403901,42410588,180
ENST00000634718,42403911,42413205,218
ENST00000635001,42777818,42779994,174
ENST00000635108,42403880,42413208,218
ENST00000635189,42403446,42413176,222
ENST00000635325,42403880,42447194,507
ENST00000637940,36966484,36975164,233
ENST00000638500,45234339,45264548,577
ENST00000639959,43772510,43776238,159
ENST00000640406,43772520,43776318,160
